{
  "state": {
    "isStdOutTTY": true,
    "isStdErrTTY": true,
    "testRunDurationMs": 1200436.613
  },
  "metrics": {
    "http_reqs": {
      "type": "counter",
      "contains": "default",
      "values": { "count": 490581, "rate": 408.6688082380239 }
    },
    "http_req_failed": {
      "type": "rate",
      "contains": "default",
      "values": {
        "rate": 0.00006115198101842509,
        "passes": 30,
        "fails": 490551
      }
    },
    "http_req_sending": {
      "type": "trend",
      "contains": "time",
      "values": {
        "p(95)": 0.034,
        "avg": 0.021407310923197344,
        "min": 0.008,
        "med": 0.02,
        "max": 6.388,
        "p(90)": 0.027
      }
    },
    "generate_nonce_duration": {
      "type": "trend",
      "contains": "default",
      "values": {
        "p(95)": 329.09394999999967,
        "avg": 153.2559007451847,
        "min": 57.908,
        "med": 105.2895,
        "max": 6092.034,
        "p(90)": 229.38159999999993
      }
    },
    "scenario_duration": {
      "type": "trend",
      "contains": "default",
      "values": {
        "med": 621.81,
        "max": 13124.574,
        "p(90)": 2988.8736,
        "p(95)": 4274.3028,
        "avg": 1196.2135329174398,
        "min": 327.52799999999996
      }
    },
    "checks": {
      "type": "rate",
      "contains": "default",
      "values": { "rate": 0.9999388480189816, "passes": 490551, "fails": 30 }
    },
    "vus": {
      "type": "gauge",
      "contains": "default",
      "values": { "value": 26, "min": 0, "max": 199 }
    },
    "fast_login_waiting": {
      "type": "trend",
      "contains": "default",
      "values": {
        "med": 353.229,
        "max": 10118.87,
        "p(90)": 2619.4768,
        "p(95)": 3990.974399999996,
        "avg": 920.561088333374,
        "min": 160.574
      }
    },
    "data_received": {
      "type": "counter",
      "contains": "data",
      "values": { "count": 486897130, "rate": 405600.0331272801 }
    },
    "http_req_connecting": {
      "type": "trend",
      "contains": "time",
      "values": {
        "p(95)": 0,
        "avg": 0.45963161027434724,
        "min": 0,
        "med": 0,
        "max": 305.735,
        "p(90)": 0
      }
    },
    "data_sent": {
      "type": "counter",
      "contains": "data",
      "values": { "rate": 167936.54393478582, "count": 201597176 }
    },
    "http_req_duration": {
      "values": {
        "avg": 299.86713749003394,
        "min": 0.156,
        "med": 100.511,
        "max": 10118.969,
        "p(90)": 516.836,
        "p(95)": 1285.607
      },
      "type": "trend",
      "contains": "time"
    },
    "http_req_receiving": {
      "values": {
        "avg": 0.05387766342359007,
        "min": 0,
        "med": 0.048,
        "max": 12.273,
        "p(90)": 0.075,
        "p(95)": 0.092
      },
      "type": "trend",
      "contains": "time"
    },
    "vus_max": {
      "type": "gauge",
      "contains": "default",
      "values": { "min": 199, "max": 199, "value": 199 }
    },
    "fast_login_duration": {
      "type": "trend",
      "contains": "default",
      "values": {
        "p(90)": 2619.5547999999994,
        "p(95)": 3991.1013999999964,
        "avg": 920.639121338129,
        "min": 160.664,
        "med": 353.307,
        "max": 10118.969
      }
    },
    "iterations": {
      "type": "counter",
      "contains": "default",
      "values": { "count": 122654, "rate": 102.17449107410721 }
    },
    "dropped_iterations": {
      "type": "counter",
      "contains": "default",
      "values": { "count": 32595, "rate": 27.15262067735683 }
    },
    "http_req_waiting": {
      "type": "trend",
      "contains": "time",
      "values": {
        "p(90)": 516.766,
        "p(95)": 1285.512,
        "avg": 299.7918525156789,
        "min": 0.136,
        "med": 100.432,
        "max": 10118.87
      }
    },
    "get_session_duration": {
      "values": {
        "p(95)": 219.71259999999927,
        "avg": 124.1227704872596,
        "min": 57.802,
        "med": 95.634,
        "max": 6779.195,
        "p(90)": 161.3728
      },
      "type": "trend",
      "contains": "default"
    },
    "http_req_duration{expected_response:true}": {
      "type": "trend",
      "contains": "time",
      "values": {
        "med": 100.51,
        "max": 10042.65,
        "p(90)": 516.606,
        "p(95)": 1283.3265000000001,
        "avg": 299.39278969566516,
        "min": 0.826
      }
    },
    "http_req_tls_handshaking": {
      "type": "trend",
      "contains": "time",
      "values": {
        "min": 0,
        "med": 0,
        "max": 1045.955,
        "p(90)": 0,
        "p(95)": 0,
        "avg": 1.023914022353089
      }
    },
    "http_req_blocked": {
      "type": "trend",
      "contains": "time",
      "values": {
        "avg": 1.4899214563979772,
        "min": 0.001,
        "med": 0.003,
        "max": 1100.357,
        "p(90)": 0.005,
        "p(95)": 0.005
      }
    },
    "iteration_duration": {
      "type": "trend",
      "contains": "time",
      "values": {
        "p(90)": 3002.2154699999996,
        "p(95)": 4287.356521949998,
        "avg": 1206.8611138832005,
        "min": 60.812298,
        "med": 634.8382825000001,
        "max": 13140.302467
      }
    }
  },
  "root_group": {
    "groups": [],
    "checks": [
      {
        "passes": 122653,
        "fails": 1,
        "name": "GET Nonce returns 200",
        "path": "::GET Nonce returns 200",
        "id": "96c994745e8a6d53d13b57875b57605f"
      },
      {
        "passes": 122649,
        "fails": 4,
        "name": "POST Signature returns 200",
        "path": "::POST Signature returns 200",
        "id": "b4a6005fe324d304f92d93bfdf8b7baa"
      },
      {
        "id": "45aa7fddbb53b706a568b97699bf2ab3",
        "passes": 122625,
        "fails": 24,
        "name": "POST Fast Login returns 200",
        "path": "::POST Fast Login returns 200"
      },
      {
        "name": "GET Get Session returns 200",
        "path": "::GET Get Session returns 200",
        "id": "635851f313a0c376d4f338be7dfddc0a",
        "passes": 122624,
        "fails": 1
      }
    ],
    "name": "",
    "path": "",
    "id": "d41d8cd98f00b204e9800998ecf8427e"
  },
  "options": {
    "summaryTimeUnit": "",
    "noColor": false,
    "summaryTrendStats": ["avg", "min", "med", "max", "p(90)", "p(95)"]
  }
}
